ALICE_BLUE	f0f8ff	Alice Blue
ALIZARIN	E32636	Alizarin
ALOEWOOD	6A432D	Aloewood
ALOEWOOD_BROWN	5A6457	Aloewood Brown
AMARANTH	E52B50	Amaranth
AMBER	FFBF00	Amber
AMBER_DYE	CA6924	Amber Dye
AMETHYST	9966CC	Amethyst
AMUR_CORK_TREE	F3C13A	Amur Cork Tree
APRICOT	FBCEB1	Apricot
AQUA	00FFFF	Aqua
AQUAMARINE	7FFFD4	Aquamarine
ARMY_GREEN	4B5320	Army Green
ASPARAGUS	7BA05B	Asparagus
ATOMIC_TANGERINE	FF9966	Atomic Tangerine
AUBURN	6D351A	Auburn
AZUL	007FFF	Azul
AZURE	F0FFFF	Azure
BABY_BLUE	E0FFFF	Baby Blue
BAIKO_BROWN	857C55	Baiko Brown
BEIGE	F5F5DC	Beige
BELLFLOWER	5D3F6A	Bellflower
BENI_DYE	913225	Beni Dye
BETEL_NUT_DYE	352925	Betel Nut Dye
BIRCH_BROWN	B14A30	Birch Brown
BISTRE	3D2B1F	Bistre
BLACK	000000	Black
BLACK_CHESTNUT_OAK	252321	Black Chestnut Oak
BLACK_DYE	171412	Black Dye
BLACK_KITE	351E1C	Black Kite
BLOOD	CF3A24	Blood
BLOOD_RED	F35336	Blood Red
BLUE	0000ff	Blue
BLUE_BLACK_CRAYFISH	62693B	Blue Black Crayfish
BLUE_GREEN	00DDDD	Blue Green
BLUE_GREEN_DYE	3A6960	Blue Green Dye
BLUE_VIOLET	8A2BE2	Blue Violet
BLUE_VIOLET_DYE	2B2028	Blue Violet Dye
BOILED_RED_BEAN_BROWN	542D24	Boiled Red Bean Brown
BONDI_BLUE	0095B6	Bondi Blue
BRASS	B5A642	Brass
BREWED_MUSTARD_BROWN	E68364	Brewed Mustard Brown
BRIGHT_GOLD_BROWN	CB7E1F	Bright Gold Brown
BRIGHT_GOLDEN_YELLOW	FFA400	Bright Golden Yellow
BRIGHT_GREEN	66FF00	Bright Green
BRIGHT_PINK	FF0080	Bright Pink
BRIGHT_TURQUOISE	08E8DE	Bright Turquoise
BRILLIANT_ROSE	FF55A3	Brilliant Rose
BRONZE	CD7F32	Bronze
BROWN	808000	Brown
BROWN_RAT_GREY	4B3C39	Brown Rat Grey
BROWNER	964B00	Browner
BRUSHWOOD_DYED	8C5939	Brushwood Dyed
BUFF	F0DC82	Buff
BURGUNDY	900020	Burgundy
BURNT_BAMBOO	4D3B3C	Burnt Bamboo
BURNT_ORANGE	CC5500	Burnt Orange
BURNT_SIENNA	E97451	Burnt Sienna
BURNT_UMBER	8A3324	Burnt Umber
CAMO_GREEN	78866B	Camo Green
CAPE_JASMINE	FFB95A	Cape Jasmine
CAPUT_MORTUUM	592720	Caput Mortuum
CARDINAL	C41E3A	Cardinal
CARMINE	960018	Carmine
CARNATION_PINK	FFA6C9	Carnation Pink
CAROLINA_BLUE	99BADD	Carolina Blue
CARROT_ORANGE	ED9121	Carrot Orange
CATTAIL	B64925	Cattail
CELADON	ACE1AF	Celadon
CELADON_DYE	819C8B	Celadon Dye
CERISE	DE3163	Cerise
CERULEAN	007BA7	Cerulean
CERULEAN_BLUE	2A52BE	Cerulean Blue
CHARTREUSE	DFFF00	Chartreuse
CHARTREUSE_GREEN	7FFF00	Chartreuse Green
CHERRY_BLOSSOM	FFB7C5	Cherry Blossom
CHERRY_BLOSSOM_DYE	fcc9b9	Cherry Blossom Dye
CHERRY_BLOSSOM_MOUSE	AC8181	Cherry Blossom Mouse
CHESTNUT	CD5C5C	Chestnut
CHESTNUT_LEATHER_BROWN	60281E	Chestnut Leather Brown
CHESTNUT_PLUM	8B352D	Chestnut Plum
CHINESE_TEA_BROWN	B35C44	Chinese Tea Brown
CHINESE_TEA_YELLOW	B7702D	Chinese Tea Yellow
CHOCOLATE	7B3F00	Chocolate
CINNABAR	E34234	Cinnabar
CINNAMON	D2691E	Cinnamon
CLOVE_BROWN	8F583C	Clove Brown
CLOVE_DYED	C66B27	Clove Dyed
COARSE_WOOL	181B26	Coarse Wool
COBALT	0047AB	Cobalt
COCHINEAL_RED	9D2933	Cochineal Red
COLUMBIA_BLUE	9BDDFF	Columbia Blue
COPPER	B87333	Copper
COPPER_ROSE	996666	Copper Rose
CORAL	FF7F50	Coral
CORAL_DYE	F8674F	Coral Dye
CORAL_RED	FF4040	Coral Red
CORN	FBEC5D	Corn
CORN_DYE	FAA945	Corn Dye
CORNFLOWER_BLUE	6495ED	Cornflower Blue
COSMIC_LATTE	FFF8E7	Cosmic Latte
CREAM	FFFDD0	Cream
CRIMSON	DC143C	Crimson
CYAN	00ffff	Cyan
CYPRESS_BARK	752E23	Cypress Bark
CYPRESS_BARK_RED	6F3028	Cypress Bark Red
DARK_BLUE	0000c8	Dark Blue
DARK_BLUE_DYE	192236	Dark Blue Dye
DARK_BLUE_LAPIS_LAZULI	1B294B	Dark Blue Lapis Lazuli
DARK_BROWN	654321	Dark Brown
DARK_CERULEAN	08457E	Dark Cerulean
DARK_CHESTNUT	986960	Dark Chestnut
DARK_CORAL	CD5B45	Dark Coral
DARK_GOLDENROD	B8860B	Dark Goldenrod
DARK_GRAY	404040	Dark Gray
DARK_GREEN	013220	Dark Green
DARK_INDIGO	614E6E	Dark Indigo
DARK_KHAKI	BDB76B	Dark Khaki
DARK_PASTEL_GREEN	03C03C	Dark Pastel Green
DARK_PINK	E75480	Dark Pink
DARK_SCARLET	560319	Dark Scarlet
DARK_RED	800000	Dark Red
DARK_RED_DYE	23191E	Dark Red Dye
DARK_SALMON	E9967A	Dark Salmon
DARK_SLATE_GRAY	2F4F4F	Dark Slate Gray
DARK_SPRING_GREEN	177245	Dark Spring Green
DARK_TAN	918151	Dark Tan
DARK_TURQUOISE	00CED1	Dark Turquoise
DARK_VIOLET	9400D3	Dark Violet
DAWN	FA7B62	Dawn
DAYLILY	FF8936	Daylily
DEAD_MANS_FINGERS_SEAWEED	524B2A	Dead Man's Fingers Seaweed
DECAYING_LEAVES	D57835	Decaying Leaves
DEEP_CERISE	DA3287	Deep Cerise
DEEP_CHESTNUT	B94E48	Deep Chestnut
DEEP_FUCHSIA	C154C1	Deep Fuchsia
DEEP_LILAC	9955BB	Deep Lilac
DEEP_MAGENTA	CD00CC	Deep Magenta
DEEP_PEACH	FFCBA4	Deep Peach
DEEP_PINK	FF1493	Deep Pink
DEEP_PURPLE	3A243B	Deep Purple
DEEP_SCARLET	7B3B3A	Deep Scarlet
DENIM	1560BD	Denim
DISAPPEARING_PURPLE	3F313A	Disappearing Purple
DISTANT_RIVER_BROWN	CB6649	Distant River Brown
DODGER_BLUE	1E90FF	Dodger Blue
DOVE_FEATHER_GREY	755D5B	Dove Feather Grey
DRIED_WEATHERED_BAMBOO	7D4E2D	Dried Weathered Bamboo
DULL_BLUE	4F4944	Dull Blue
EARTHEN_YELLOW	BE7F51	Earthen Yellow
EARTHEN_YELLOW_RED_BROWN	FF4E20	Earthen Yellow Red Brown
ECRU	C2B280	Ecru
EDO_BROWN	A13D2D	Edo Brown
EGG_DYE	FFA631	Egg Dye
EGGSHELL_PAPER	ECBE9F	Eggshell Paper
EGYPTIAN_BLUE	1034A6	Egyptian Blue
ELECTRIC_BLUE	7DF9FF	Electric Blue
ELECTRIC_GREEN	00FF00	Electric Green
ELECTRIC_INDIGO	6600FF	Electric Indigo
ELECTRIC_LIME	CCFF00	Electric Lime
ELECTRIC_PURPLE	BF00FF	Electric Purple
EMERALD	50C878	Emerald
EGGPLANT	614051	Eggplant
FADED_CHINESE_TEA_BROWN	60281E	Faded Chinese Tea Brown
FADED_SEN_NO_RIKYUS_TEA	B0927A	Faded Den No Rikyu's Tea
FAKE_PURPLE	43242A	Fake Purple
FALU_RED	801818	Falu Red
FERN_GREEN	4F7942	Fern Green
FINCH_BROWN	957B38	Finch Brown
FIREBRICK	B22222	Firebrick
FLATTERY_BROWN	6B4423	Flattery Brown
FLAX	EEDC82	Flax
FLIRTATIOUS_INDIGO_TEA	473F2D	Flirtatious Indigo Tea
FLORAL_LEAF	FFB94E	Floral Leaf
FOREIGN_CRIMSON	C91F37	Foreign Crimson
FOREST_GREEN	228B22	Forest Green
FOX	985629	Fox
FRAGILE_SEAWEED_BROWN	2E372E	Fragile Seaweed Brown
FRENCH_ROSE	F64A8A	French Rose
FRESH_ONION	5B8930	Fresh Onion
FUCSHIA_PINK	FF77FF	Fucshia Pink
GAMBOGE	E49B0F	Gamboge
GAMBOGE_DYE	FFB61E	Gamboge Dye
GLAZED_PERSIMMON	D34E36	Glazed Persimmon
GOLD	D4AF37	Gold
GOLDEN	FFD700	Golden
GOLDEN_BROWN	996515	Golden Brown
GOLDEN_BROWN_DYE	C66B27	Golden Brown Dye
GOLDEN_FALLEN_LEAVES	E29C45	Golden Fallen Leaves
GOLDEN_OAK	BB8141	Golden Oak
GOLDEN_YELLOW	FFDF00	Golden Yellow
GOLDENROD	DAA520	Goldenrod
GORYEO_STOREROOM	203838	Goryeo Storeroom
GRAPE_MOUSE	63424B	Grape Mouse
GRAY	808080	Gray
GRAY_ASPARAGUS	465945	Gray Asparagus
GREEN	008000	Green
GREENFINCH	BDA928	Greenfinch
GREEN_BAMBOO	006442	Green Bamboo
GREEN_TEA_DYE	824B35	Green Tea Dye
GREEN_YELLOW	ADFF2F	Green Yellow
GREYISH_DARK_GREEN	656255	Greyish Dark Green
HALF_PURPLE	8D608C	Half Purple
HAN_PURPLE	5218FA	Han Purple
HARBOR_RAT	757D75	Harbor Rat
HELIOTROPE	DF73FF	Heliotrope
HOLLYWOOD_CERISE	F400A1	Hollywood Cerise
HORSETAIL	3D5D42	Horsetail
HOT_MAGENTA	FF00CC	Hot Magenta
HOT_PINK	FF69B4	Hot Pink
IBIS	4C221B	Ibis
IBIS_WING	F58F84	Ibis Wing
INDIGO	4B0082	Indigo
INDIGO_DYE	00416A	Indigo Dye
INDIGO_INK_BROWN	393432	Indigo Ink Brown
INDIGO_WHITE	EBF6F7	Indigo White
INK	27221F	Ink
INSECT_SCREEN	2D4436	Insect Screen
INSIDE_OF_A_BOTTLE	C6C2B6	Inside Of A Bottle
INTERNATIONAL_KLEIN_BLUE	002FA7	International Klein Blue
INTERNATIONAL_ORANGE	FF4F00	International Orange
IRIS	763568	Iris
IRON	2B3733	Iron
IRONHEAD_FLOWER	344D56	Ironhead Flower
IRON_STORAGE	2B3736	Iron Storage
ISLAMIC_GREEN	009000	Islamic Green
IVORY	FFFFF0	Ivory
IWAI_BROWN	5E5545	Iwai Brown
JADE	00A86B	Jade
JAPANESE_INDIGO	264348	Japanese Indigo
JAPANESE_IRIS	7F5D3B	Japanese Iris
JAPANESE_PALE_BLUE	8c9c76	Japanese Pale Blue
JAPANESE_TRIANDRA_GRASS	E2B13C	Japanese Triandra Grass
KELLY_GREEN	4CBB17	Kelly Green
KHAKI	C3B091	Khaki
KIMONO_STORAGE	3D4C51	Kimono Storage
LAPIS_LAZULI	1F4788	Lapis Lazuli
LAVENDER_FLORAL	B57EDC	Lavender Floral
LAVENDER	E6E6FA	Lavender
LAVENDER_BLUE	CCCCFF	Lavender Blue
LAVENDER_BLUSH	FFF0F5	Lavender Blush
LAVENDER_GRAY	C4C3D0	Lavender Gray
LAVENDER_MAGENTA	EE82EE	Lavender Magenta
LAVENDER_PINK	FBAED2	Lavender Pink
LAVENDER_PURPLE	967BB6	Lavender Purple
LAVENDER_ROSE	FBA0E3	Lavender Rose
LAWN_GREEN	7CFC00	Lawn Green
LEGAL_DYE	2E211B	Legal Dye
LEMON	FDE910	Lemon
LEMON_CHIFFON	FFFACD	Lemon Chiffon
LIGHT_BLUE	ADD8E6	Light Blue
LIGHT_BLUE_DYE	48929B	Light Blue Dye
LIGHT_BLUE_FLOWER	1D697C	Light Blue Flower
LIGHT_BLUE_SILK	044F67	Light Blue Silk
LIGHT_GRAY	c0c0c0	Light Gray
LIGHT_KHAKI	F0E68C	Light Khaki
LIGHT_LIME	BFFF00	Light Lime
LIGHT_MAROON	B03060	Light Maroon
LIGHT_PINK	FFB6C1	Light Pink
LIGHT_VIOLET	EE82EE	Light Violet
LIGHT_YELLOW_DYE	F7BB7D	Light Yellow Dye
LILAC	C8A2C8	Lilac
LIME	00FF00	Lime
LIME_GREEN	32CD32	Lime Green
LINEN	FAF0E6	Linen
LONG_SPRING	B95754	Long Spring
LOQUAT_BROWN	AB6134	Loquat Brown
LYE	7F6B5D	Lye
MAGENTA_DYE	CA1F7B	Magenta Dye
MAGIC_MINT	AAF0D1	Magic Mint
MAGNOLIA	F8F4FF	Magnolia
MALACHITE	0BDA51	Malachite
MAROON	800000	Maroon
MAGENTA	ff00ff	Magenta
MAYA_BLUE	73C2FB	Maya Blue
MAUVE	E0B0FF	Mauve
MAUVE_TAUPE	915F6D	Mauve Taupe
MEAT	F9906F	Meat
MEDIUM_BLUE	0000CD	Medium Blue
MEDIUM_CARMINE	AF4035	Medium Carmine
MEDIUM_CRIMSON	c93756	Medium Crimson
MEDIUM_LAVENDER_MAGENTA	CC99CC	Medium Lavender Magenta
MEDIUM_PURPLE	9370DB	Medium Purple
MEDIUM_SPRING_GREEN	00FA9A	Medium Spring Green
MIDORI	2A606B	Midori
MIDNIGHT_BLUE	003366	Midnight Blue
MINT_GREEN	98FF98	Mint Green
MISTY_ROSE	FFE4E1	Misty Rose
MOSS	8B7D3A	Moss
MOSS_GREEN	ADDFAD	Moss Green
MOUNTBATTEN_PINK	997A8D	Mountbatten Pink
MOUSY_INDIGO	5C544E	Mousy Indigo
MOUSY_WISTERIA	766980	Mousy Wisteria
MULBERRY	59292C	Mulberry
MULBERRY_DYED	C57F2E	Mulberry Dyed
MUSTARD	FFDB58	Mustard
MYRTLE	21421E	Myrtle
NAVAJO_WHITE	FFDEAD	Navajo White
NAVY_BLUE	000080	Navy Blue
NAVY_BLUE_BELLFLOWER	191F45	Navy Blue Bellflower
NAVY_BLUE_DYE	003171	Navy Blue Dye
NEW_BRIDGE	006C7F	New Bridge
NIGHTINGALE	645530	Nightingale
NIGHTINGALE_BROWN	5C4827	Nightingale Brown
OCEAN_BLUE	50B0B8	Ocean Blue
OCHRE	CC7722	Ochre
OLD_BAMBOO	5E644F	Old Bamboo
OLD_GOLD	CFB53B	Old Gold
OLD_LACE	FDF5E6	Old Lace
OLD_LAVENDER	796878	Old Lavender
OLD_ROSE	C08081	Old Rose
OLIVE	808000	Olive
OLIVE_DRAB	6B8E23	Olive Drab
OLIVINE	9AB973	Olivine
ONANDO	364141	Onando
ONE_KIN_DYE	f08f90	One Kin Dye
OPPOSITE_FLOWER	4D646C	Opposite Flower
ORANGE	ffc800	Orange
ORANGE_PEEL	FFA000	Orange Peel
ORANGE_RED	FF4500	Orange Red
ORANGUTAN	DC3023	Orangutan
ORCHID	DA70D6	Orchid
OVERDYED_RED_BROWN	E35C38	Overdyed Red Brown
PALE_BLUE	AFEEEE	Pale Blue
PALE_BROWN	987654	Pale Brown
PALE_CARMINE	AF4035	Pale Carmine
PALE_CHESTNUT	DDADAF	Pale Chestnut
PALE_CORNFLOWER_BLUE	ABCDEF	Pale Cornflower Blue
PALE_CRIMSON	f2666c	Pale Crimson
PALE_FALLEN_LEAVES	AA8736	Pale Fallen Leaves
PALE_GREEN_ONION	749F8D	Pale Green Onion
PALE_INCENSE	FFA565	Pale Incense
PALE_MAGENTA	F984E5	Pale Magenta
PALE_OAK	BBA46D	Pale Oak
PALE_PERSIMMON	FCA474	Pale Persimmon
PALE_PINK	FADADD	Pale Pink
PALE_RED_VIOLET	DB7093	Pale Red Violet
PALE_YOUNG_GREEN_ONION	8DB255	Pale Young Green Onion
PAPAYA_WHIP	FFEFD5	Papaya Whip
PASTEL_GREEN	77DD77	Pastel Green
PASTEL_PINK	FFD1DC	Pastel Pink
PATINA	407A52	Patina
PATRINIA_FLOWER	D9B611	Patrinia Flower
PEACH	FFE5B4	Peach
PEACH_DYE	f47983	Peach Dye
PEACH_ORANGE	FFCC99	Peach Orange
PEACH_YELLOW	FADFAD	Peach Yellow
PEAR	D1E231	Pear
PERIWINKLE	CCCCFF	Periwinkle
PERSIAN_BLUE	1C39BB	Persian Blue
PERSIAN_GREEN	00A693	Persian Green
PERSIAN_INDIGO	32127A	Persian Indigo
PERSIAN_RED	CC3333	Persian Red
PERSIAN_PINK	F77FBE	Persian Pink
PERSIAN_ROSE	FE28A2	Persian Rose
PERSIMMON	EC5800	Persimmon
PERSIMMON_JUICE	934337	Persimmon Juice
PIGMENT_BLUE	333399	Pigment Blue
PINE_GREEN	01796F	Pine Green
PINE_NEEDLE	454D32	Pine Needle
PINK	ffafaf	Pink
PINK_ORANGE	FF9966	Pink Orange
PLAIN_MOUSE	6E5F57	Plain Mosue
PLATINUM	E5E4E2	Platinum
PLUM	CC99CC	Plum
PLUM_BLOSSOM_MOUSE	97645A	Plum Blossom Mouse
PLUM_DYED	FA9258	Plum Dyed
PLUM_PURPLE	8F4155	Plum Purple
POLISHED_BROWN	9F5233	Polished Brown
POWDER_BLUE	B0E0E6	Powder Blue
PRUSSIAN_BLUE	003153	Prussian Blue
PSYCHEDELIC_PURPLE	DD00FF	Psychedelic Purple
PUCE	CC8899	Puce
PUMPKIN	FF7518	Pumpkin
PURE_CRIMSON	C3272B	Pure Crimson
PURE_DARK_GRAY	3F4041	Pure Dark Gray
PURPLE	800080	Purple
PURPLE_DYE	4F284B	Purple Dye
PURPLE_KITE	512C31	Purple Kite
PURPLE_TAUPE	50404D	Purple Taupe
RABBIT_EAR_IRIS	491E3C	Rabbit Ear Iris
RAPEBLOSSOM_BROWN	E3B130	Rapeblossom Brown
RAPESEED_OIL	A17917	Rapeseed Oil
RAW_UMBER	734A12	Raw Umber
RAZZMATAZZ	E30B5C	Razzamatazz
RED	ff0000	Red
RED_BEAN	672422	Red Bean
RED_BIRCH	9D2B22	Red Birch
RED_INCENSE	F07F5E	Red Incense
RED_DYE_TURMERIC	FB8136	Red Dye Turmeric
RED_KITE	913228	Red Kite
RED_OCHRE	9F5233	Red Ochre
RED_PIGMENT	ED1C24	Red Pigment
RED_PLUM	db5a6b	Red Plum
RED_VIOLET	C71585	Red Violet
RED_WISTERIA	BB7796	Red Wisteria
RICH_CARMINE	D70040	Rich Carmine
RICH_GARDENIA	F57F4F	Rich Gardenia
RINSED_OUT_RED	FF7952	Rinsed Out Red
RIKAN_BROWN	534A32	Rikan Brown
ROBIN_EGG_BLUE	00CCCC	Robin Egg Blue
ROSE	FF007F	Rose
ROSE_MADDER	E32636	Rose Madder
ROSE_TAUPE	905D5D	Rose Taupe
ROYAL_BLUE	4169E1	Royal Blue
ROYAL_PURPLE	6B3FA0	Royal Purple
RUBY	E0115F	Ruby
RUSSET	80461B	Russet
RUST	B7410E	Rust
RUSTED_LIGHT_BLUE	6A7F7A	Rusted Light Blue
RUSTY_CELADON	898A74	Rusty Celadon
RUSTY_STORAGE	455859	Rusty Storage
RUSTY_STOREROOM	3a403b	Rusty Storeroom
SAFETY_ORANGE	FF6600	Safety Orange
SAFFLOWER	5A4F74	Safflower
SAFFRON	F4C430	Saffron
SALMON	FF8C69	Salmon
SANDY_BROWN	F4A460	Sandy Brown
SANGRIA	92000A	Sangria
SAPPHIRE	082567	Sapphire
SAPPANWOOD	7E2639	Sappanwood
SAPPANWOOD_INCENSE	A24F46	Sappanwood Incense
SAWTOOTH_OAK	EC956C	Sawtooth Oak
SCARLET	FF2400	Scarlet
SCHOOL_BUS_YELLOW	FFD800	School Bus Yellow
SCORTCHED_BROWN	351F19	Scortched Brown
SEA_GREEN	2E8B57	Sea Green
SEASHELL	FFF5EE	Seashell
SELECTIVE_YELLOW	FFBA00	Selective Yellow
SEN_NO_RIKYUS_TEA	826B58	Sen No Riyu's Tea
SEPIA	704214	Sepia
SHAMROCK_GREEN	009E60	Shamrock Green
SHOCKING_PINK	FC0FC0	Shocking Pink
SHRIMP_BROWN	5E2824	Shrimp Brown
SILK_CREPE_BROWN	354E4B	Silk Crepe Brown
SILVER	C0C0C0	Silver
SILVER_GREY	97867C	Silver Grey
SILVERED_RED	BC2D29	Silvered Red
SIMMERED_SEAWEED	4C3D30	Simmered Seawead
SISKIN_SPROUT_YELLOW	7A942E	Siskin Sprout Yellow
SKY	4D8FAC	Sky
SKY_BLUE	87CEEB	Sky Blue
SLATE_GRAY	708090	Slate Gray
SMALT	003399	Smalt
SOOTY_BAMBOO	593A27	Sooty Bamboo
SOOTY_WILLOW_BAMBOO	4D4B3A	Sooty Willow Bamboo
SPARROW_BROWN	8C4736	Sparrow Brown
SPRING_BUD	A7FC00	Spring Bud
SPRING_GREEN	00FF7F	Spring Green
STAINED_RED	78779B	Stained Red
STEAMED_CHESTNUT	D3B17D	Steamed Chestnut
STEEL_BLUE	4682B4	Steel Blue
STOREROOM_BROWN	3D4035	Storeroom Brown
STYLISH_PERSIMMON	FFA26B	Stylish Persimnmon
SUMAC	592B1F	Sumac
SUMAC_DYED	E08A1E	Sumac Dyed
TAN	D2B48C	Tan
TANGERINE	F28500	Tangerine
TANGERINE_YELLOW	FFCC00	Tangerine Yellow
TATARIAN_ASTER	976E9A	Tatarian Aster
TAUPE	483C32	Taupe
TAWNY	CD5700	Tawny
TEA_GARDEN_CONTEMPLATION	665343	Tead Garden Contemplation
TEA_GREEN	D0F0C0	Tea Green
TEA_ORANGE	F88379	Tea Orange
TEA_ROSE	F4C2C2	Tea Rose
TEAL	008080	Teal
TERRA_COTTA	E2725B	Terra Cotta
THIN_VIOLET	A87CA0	Thin Violet
THISTLE	D8BFD8	Thistle
THOUSAND_HERB	317589	Thousand Herb
THOUSAND_YEAR_OLD_BROWN	3B3429	Thousand Year Old Brown
THOUSAND_YEAR_OLD_GREEN	374231	Thousand Year Old Green
THRICE_DYED_CRIMSON	F7665A	Thrice Dyed Crimson
TOMATO	FF6347	Tomato
TREE_PEONY	A4345D	Tree Peony
TRUE_PINK	FFC0CB	True Pink
TRUE_RED	8F1D21	True Red
TURMERIC	E69B3A	Turmeric
TURQUOISE	30D5C8	Turquoise
TYRIAN_PURPLE	66023C	Tyrian Purple
ULTRAMARINE	120A8F	Ultramarine
ULTRAMARINE_DYE	5D8CAE	Ultramarine Dye
UNBLEACHED_SILK	FFDDCA	Unbleached Silk
UNDRIED_WALL	785E49	Undried Wall
VANISHING_RED_MOUSE	44312E	Vanishing Red Mouse
VEGAS_GOLD	C5B358	Vegas Gold
VELVET	224634	Velvet
VERMILION	E34234	Vermillion
VINE_GRAPE	6D2B50	Vine Grape
VIOLET	8B00FF	Violet
VIOLET_DYE	5B3256	Violet Dye
VIRIDIAN	40826D	Viridian
WALNUT	9F7462	Walnut
WASHED_OUT_CRIMSON	ffb3a7	Washed Out Crimson
WASHED_OUT_PERSIMMON	EC8254	Washed Out Persimmon
WATER	86ABA5	Water
WATER_PERSIMMON	B56C60	Water Persimmon
WHEAT	F5DEB3	Wheat
WHITE	ffffff	White
WHITE_MOUSE	B9A193	white Mouse
WHITE_OAK	CE9F6F	White Oak
WHITE_TEA_DYE	C48E69	White Tea Dye
WHITISH_GREEN	A5BA93	Whitish Green
WILLOW_DYE	8C9E5E	Willow Dye
WILLOW_GREY	817B69	Willow Grey
WILLOW_TEA	9C8A4D	Willow Tea
WILTED_LAWN_CLIPPINGS	AB4C3D	Wilted Lawn Clippings
WILLOW_LEAVES_UNDERSIDE	BCB58C	Willow Leaves Underside
WISTERIA	C9A0DC	Wisteria
WISTERIA_DYE	89729E	Wisteria Dye
WISTERIA_PURPLE	875F9A	Wisteria Purple
YELLOW	ffff00	Yellow
YELLOW_GREEN	9ACD32	Yellow Green
YELLOW_SEA_PINE_BROWN	896C39	Yellow Sea Pine Brown
YOUNG_BAMBOO	6b9362	Young Bamboo
ZINNWALDITE	EBC2AF	Zinnwaldite
DB_MIDNIGHT	140C1C	DB Midnight
DB_DARK_LEATHER	442434	DB Dark Leather
DB_DEEP_OCEAN	30346D	DB Deep Ocean
DB_LEAD	4E4A4F	DB Lead
DB_EARTH	854C30	DB Earth
DB_FOREST	346524	DB Forest
DB_LOBSTER	D04648	DB Lobster
DB_DRAB	757161	DB Drab
DB_CADET_BLUE	597DCE	DB Cadet Blue
DB_TAWNY_BROWN	D27D2C	DB Tawny Brown
DB_IRON	8595A1	DB Iron
DB_PEA_SOUP	6DAA2C	DB Pea Soup
DB_PUTTY	D2AA99	DB Putty
DB_TURQUOISE	6DC2CA	DB Turquoise
DB_MUSTARD	DAD45E	DB Mustard
DB_EGGSHELL	DEEED6	DB Eggshell
DB_BLACK	000000	DB Black
DB_INK	222034	DB Ink
DB_SEAL_BROWN	45283C	DB Seal Brown
DB_CHESTNUT	663931	DB Chestnut
DB_CAPPUCCINO	8F563B	DB Cappuccino
DB_PUMPKIN	DF7126	DB Pumpkin
DB_FAWN	D9A066	DB Fawn
DB_NUDE	EEC39A	DB Nude
DB_DAFFODIL	FBF236	DB Daffodil
DB_KEY_LIME	99E550	DB Key Lime
DB_SHAMROCK	6ABE30	DB Shamrock
DB_JUNGLE	37946E	DB Jungle
DB_OLIVE	4B692F	DB Olive
DB_MUD	524B24	DB Mud
DB_SHADOW	323C39	DB Shadow
DB_COBALT	3F3F74	DB Cobalt
DB_CERULEAN	306082	DB Cerulean
DB_DENIM	5B6EE1	DB Denim
DB_SKY_BLUE	639BFF	DB Sky Blue
DB_SEAFOAM	5FCDE4	DB Seafoam
DB_PLATINUM	CBDBFC	DB Platinum
DB_WHITE	FFFFFF	DB White
DB_STORM_CLOUD	9BADB7	DB Storm Cloud
DB_ELEPHANT	847E87	DB Elephant
DB_GRAPHITE	696A6A	DB Graphite
DB_SOOT	595652	DB Soot
DB_EGGPLANT	76428A	DB Eggplant
DB_BLOOD	AC3232	DB Blood
DB_CORAL	D95763	DB Coral
DB_LAVENDER	D77BBA	DB Lavender
DB_ARMY_GREEN	8F974A	DB Army Green
DB_COMPOST	8A6F30	DB Compost
CW_RED	ee2a2a	CW Red
CW_FADED_RED	b76363	CW Faded Red
CW_FLUSH_RED	e21414	CW Flush Red
CW_LIGHT_RED	ed8383	CW Light Red
CW_PALE_RED	e4a7a7	CW Pale Red
CW_BRIGHT_RED	f43b3b	CW Bright Red
CW_DARK_RED	a11616	CW Dark Red
CW_DRAB_RED	923535	CW Drab Red
CW_RICH_RED	be1111	CW Rich Red
CW_ORANGE	f17c24	CW Orange
CW_FADED_ORANGE	cc9b75	CW Faded Orange
CW_FLUSH_ORANGE	e56d11	CW Flush Orange
CW_LIGHT_ORANGE	f1b283	CW Light Orange
CW_PALE_ORANGE	ecc7ab	CW Pale Orange
CW_BRIGHT_ORANGE	f68a39	CW Bright Orange
CW_DARK_ORANGE	a35113	CW Dark Orange
CW_DRAB_ORANGE	a36b41	CW Drab Orange
CW_RICH_ORANGE	c15b0f	CW Rich Orange
CW_BROWN	cd8b51	CW Brown
CW_FADED_BROWN	bea289	CW Faded Brown
CW_FLUSH_BROWN	c37027	CW Flush Brown
CW_LIGHT_BROWN	deba9b	CW Light Brown
CW_PALE_BROWN	e2cdbb	CW Pale Brown
CW_BRIGHT_BROWN	df8f47	CW Bright Brown
CW_DARK_BROWN	8a582c	CW Dark Brown
CW_DRAB_BROWN	937358	CW Drab Brown
CW_RICH_BROWN	a45e21	CW Rich Brown
CW_APRICOT	f9aa38	CW Apricot
CW_FADED_APRICOT	ddbc8b	CW Faded Apricot
CW_FLUSH_APRICOT	ed971b	CW Flush Apricot
CW_LIGHT_APRICOT	f7cd8f	CW Light Apricot
CW_PALE_APRICOT	f3dbb6	CW Pale Apricot
CW_BRIGHT_APRICOT	fbaf3f	CW Bright Apricot
CW_DARK_APRICOT	a8701e	CW Dark Apricot
CW_DRAB_APRICOT	b18b55	CW Drab Apricot
CW_RICH_APRICOT	c77f17	CW Rich Apricot
CW_GOLD	ebcb1d	CW Gold
CW_FADED_GOLD	dccf85	CW Faded Gold
CW_FLUSH_GOLD	dfbf0e	CW Flush Gold
CW_LIGHT_GOLD	f1df81	CW Light Gold
CW_PALE_GOLD	f0e7af	CW Pale Gold
CW_BRIGHT_GOLD	f2d536	CW Bright Gold
CW_DARK_GOLD	9f8810	CW Dark Gold
CW_DRAB_GOLD	ae9f4b	CW Drab Gold
CW_RICH_GOLD	bca00c	CW Rich Gold
CW_YELLOW	fbfa27	CW Yellow
CW_FADED_YELLOW	f2f197	CW Faded Yellow
CW_FLUSH_YELLOW	eeee13	CW Flush Yellow
CW_LIGHT_YELLOW	fcfb88	CW Light Yellow
CW_PALE_YELLOW	fafab7	CW Pale Yellow
CW_BRIGHT_YELLOW	fcfc3a	CW Bright Yellow
CW_DARK_YELLOW	a9a915	CW Dark Yellow
CW_DRAB_YELLOW	c1c05b	CW Drab Yellow
CW_RICH_YELLOW	c9c810	CW Rich Yellow
CW_CHARTREUSE	c2ee24	CW Chartreuse
CW_FADED_CHARTREUSE	cfe28c	CW Faded Chartreuse
CW_FLUSH_CHARTREUSE	b5e211	CW Flush Chartreuse
CW_LIGHT_CHARTREUSE	dbf386	CW Light Chartreuse
CW_PALE_CHARTREUSE	e5f2b3	CW Pale Chartreuse
CW_BRIGHT_CHARTREUSE	cbf439	CW Bright Chartreuse
CW_DARK_CHARTREUSE	82a113	CW Dark Chartreuse
CW_DRAB_CHARTREUSE	9db252	CW Drab Chartreuse
CW_RICH_CHARTREUSE	98be0f	CW Rich Chartreuse
CW_LIME	abee18	CW Lime
CW_FADED_LIME	c2de83	CW Faded Lime
CW_FLUSH_LIME	9fe20c	CW Flush Lime
CW_LIGHT_LIME	cef27e	CW Light Lime
CW_PALE_LIME	dcf1ae	CW Pale Lime
CW_BRIGHT_LIME	b8f435	CW Bright Lime
CW_DARK_LIME	72a10d	CW Dark Lime
CW_DRAB_LIME	90b049	CW Drab Lime
CW_RICH_LIME	86be0a	CW Rich Lime
CW_HONEYDEW	a2f64e	CW Honeydew
CW_FADED_HONEYDEW	c1e59e	CW Faded Honeydew
CW_FLUSH_HONEYDEW	88ea25	CW Flush Honeydew
CW_LIGHT_HONEYDEW	c9f79c	CW Light Honeydew
CW_PALE_HONEYDEW	daf5c0	CW Pale Honeydew
CW_BRIGHT_HONEYDEW	a1f946	CW Bright Honeydew
CW_DARK_HONEYDEW	68a62a	CW Dark Honeydew
CW_DRAB_HONEYDEW	8fb766	CW Drab Honeydew
CW_RICH_HONEYDEW	73c51f	CW Rich Honeydew
CW_GREEN	3fe929	CW Green
CW_FADED_GREEN	85cd7c	CW Faded Green
CW_FLUSH_GREEN	2bdd14	CW Flush Green
CW_LIGHT_GREEN	92ee86	CW Light Green
CW_PALE_GREEN	b6ebaf	CW Pale Green
CW_BRIGHT_GREEN	4ff13a	CW Bright Green
CW_DARK_GREEN	269d16	CW Dark Green
CW_DRAB_GREEN	51a347	CW Drab Green
CW_RICH_GREEN	24ba11	CW Rich Green
CW_JADE	45e269	CW Jade
CW_FADED_JADE	8acd9a	CW Faded Jade
CW_FLUSH_JADE	21d74b	CW Flush Jade
CW_LIGHT_JADE	95eaa9	CW Light Jade
CW_PALE_JADE	b8eac4	CW Pale Jade
CW_BRIGHT_JADE	43ec6b	CW Bright Jade
CW_DARK_JADE	269940	CW Dark Jade
CW_DRAB_JADE	56a167	CW Drab Jade
CW_RICH_JADE	1cb53f	CW Rich Jade
CW_SEAFOAM	37f4b0	CW Seafoam
CW_FADED_SEAFOAM	8adbbe	CW Faded Seafoam
CW_FLUSH_SEAFOAM	1ae89e	CW Flush Seafoam
CW_LIGHT_SEAFOAM	8ff4d0	CW Light Seafoam
CW_PALE_SEAFOAM	b6f1dc	CW Pale Seafoam
CW_BRIGHT_SEAFOAM	3ff8b6	CW Bright Seafoam
CW_DARK_SEAFOAM	1ea574	CW Dark Seafoam
CW_DRAB_SEAFOAM	54af8e	CW Drab Seafoam
CW_RICH_SEAFOAM	16c385	CW Rich Seafoam
CW_CYAN	17e9e3	CW Cyan
CW_FADED_CYAN	78d1cf	CW Faded Cyan
CW_FLUSH_CYAN	0bddd8	CW Flush Cyan
CW_LIGHT_CYAN	7deeeb	CW Light Cyan
CW_PALE_CYAN	abedeb	CW Pale Cyan
CW_BRIGHT_CYAN	34f1ec	CW Bright Cyan
CW_DARK_CYAN	0d9d99	CW Dark Cyan
CW_DRAB_CYAN	41a6a3	CW Drab Cyan
CW_RICH_CYAN	09bab6	CW Rich Cyan
CW_AZURE	33c0e4	CW Azure
CW_FADED_AZURE	7eb9c9	CW Faded Azure
CW_FLUSH_AZURE	18b1d9	CW Flush Azure
CW_LIGHT_AZURE	8bd7eb	CW Light Azure
CW_PALE_AZURE	b1dee9	CW Pale Azure
CW_BRIGHT_AZURE	3dcaed	CW Bright Azure
CW_DARK_AZURE	1b819a	CW Dark Azure
CW_DRAB_AZURE	4a8e9e	CW Drab Azure
CW_RICH_AZURE	1596b6	CW Rich Azure
CW_BLUE	297de9	CW Blue
CW_FADED_BLUE	688cb9	CW Faded Blue
CW_FLUSH_BLUE	146cdd	CW Flush Blue
CW_LIGHT_BLUE	83b0eb	CW Light Blue
CW_PALE_BLUE	a9c3e5	CW Pale Blue
CW_BRIGHT_BLUE	3a8bf1	CW Bright Blue
CW_DARK_BLUE	16519d	CW Dark Blue
CW_DRAB_BLUE	386094	CW Drab Blue
CW_RICH_BLUE	115bba	CW Rich Blue
CW_SAPPHIRE	232fe7	CW Sapphire
CW_FADED_SAPPHIRE	5156a4	CW Faded Sapphire
CW_FLUSH_SAPPHIRE	111edb	CW Flush Sapphire
CW_LIGHT_SAPPHIRE	7d83e7	CW Light Sapphire
CW_PALE_SAPPHIRE	a0a3de	CW Pale Sapphire
CW_BRIGHT_SAPPHIRE	3844ef	CW Bright Sapphire
CW_DARK_SAPPHIRE	131b9c	CW Dark Sapphire
CW_DRAB_SAPPHIRE	262c84	CW Drab Sapphire
CW_RICH_SAPPHIRE	0e19b9	CW Rich Sapphire
CW_INDIGO	5313df	CW Indigo
CW_FADED_INDIGO	64489f	CW Faded Indigo
CW_FLUSH_INDIGO	4909d4	CW Flush Indigo
CW_LIGHT_INDIGO	9774e2	CW Light Indigo
CW_PALE_INDIGO	af9bdb	CW Pale Indigo
CW_BRIGHT_INDIGO	6c33ea	CW Bright Indigo
CW_DARK_INDIGO	360a97	CW Dark Indigo
CW_DRAB_INDIGO	3b1d7e	CW Drab Indigo
CW_RICH_INDIGO	3d08b2	CW Rich Indigo
CW_VIOLET	902be7	CW Violet
CW_FADED_VIOLET	8c61b1	CW Faded Violet
CW_FLUSH_VIOLET	8015db	CW Flush Violet
CW_LIGHT_VIOLET	b983e9	CW Light Violet
CW_PALE_VIOLET	c6a7e2	CW Pale Violet
CW_BRIGHT_VIOLET	9c3bef	CW Bright Violet
CW_DARK_VIOLET	5e179c	CW Dark Violet
CW_DRAB_VIOLET	63328d	CW Drab Violet
CW_RICH_VIOLET	6b11b9	CW Rich Violet
CW_PURPLE	c934e9	CW Purple
CW_FADED_PURPLE	ae6ebb	CW Faded Purple
CW_FLUSH_PURPLE	bb19dd	CW Flush Purple
CW_LIGHT_PURPLE	da89eb	CW Light Purple
CW_PALE_PURPLE	dcade5	CW Pale Purple
CW_BRIGHT_PURPLE	d13ef1	CW Bright Purple
CW_DARK_PURPLE	871c9d	CW Dark Purple
CW_DRAB_PURPLE	863f95	CW Drab Purple
CW_RICH_PURPLE	9e15ba	CW Rich Purple
CW_MAGENTA	e71fbc	CW Magenta
CW_FADED_MAGENTA	b762a5	CW Faded Magenta
CW_FLUSH_MAGENTA	db0fb0	CW Flush Magenta
CW_LIGHT_MAGENTA	ea7ed2	CW Light Magenta
CW_PALE_MAGENTA	e4a5d6	CW Pale Magenta
CW_BRIGHT_MAGENTA	ef37c8	CW Bright Magenta
CW_DARK_MAGENTA	9c117e	CW Dark Magenta
CW_DRAB_MAGENTA	92327d	CW Drab Magenta
CW_RICH_MAGENTA	b90d94	CW Rich Magenta
CW_ROSE	e41a71	CW Rose
CW_FADED_ROSE	b05a7f	CW Faded Rose
CW_FLUSH_ROSE	d90d64	CW Flush Rose
CW_LIGHT_ROSE	e77aa9	CW Light Rose
CW_PALE_ROSE	e1a2bd	CW Pale Rose
CW_BRIGHT_ROSE	ed3585	CW Bright Rose
CW_DARK_ROSE	9a0e4a	CW Dark Rose
CW_DRAB_ROSE	8c2b55	CW Drab Rose
CW_RICH_ROSE	b60b54	CW Rich Rose
CW_BLACK	000000	CW Black
CW_ALMOST_BLACK	1F1F1F	CW Almost Black
CW_GRAY_BLACK	3F3F3F	CW Gray Black
CW_DARK_GRAY	5F5F5F	CW Dark Gray
CW_GRAY	7F7F7F	CW Gray
CW_LIGHT_GRAY	9F9F9F	CW Light Gray
CW_GRAY_WHITE	BFBFBF	CW Gray White
CW_ALMOST_WHITE	DFDFDF	CW Almost White
CW_WHITE	FFFFFF	CW White